Feature,Original_Value,Reference_Median,Original_Score,Modified_Score,Score_Change,Absolute_Influence,Anomaly_Index,City
Houses_completed,194423.0,647.0,258.0626543552382,246.85589265498254,11.20676170025564,11.20676170025564,0,Ahmedabad Municipal Corporation
Central_assistance_sanctioned,4349.1,13.48,258.0626543552382,266.183835896212,-8.121181540973794,8.121181540973794,0,Ahmedabad Municipal Corporation
Central_assistance_released,4035.68,10.85,258.0626543552382,265.6736996607468,-7.61104530550864,7.61104530550864,0,Ahmedabad Municipal Corporation
Investment,25327.17,41.66,258.0626543552382,264.32665283851065,-6.2639984832724735,6.2639984832724735,0,Ahmedabad Municipal Corporation
Houses_grounded,205196.0,739.0,258.0626543552382,253.7083331564035,4.354321198834668,4.354321198834668,0,Ahmedabad Municipal Corporation
Houses_sanctioned,207593.0,849.0,258.0626543552382,255.52370234874815,2.5389520064900353,2.5389520064900353,0,Ahmedabad Municipal Corporation
Central_assistance_sanctioned,3635.89,13.48,240.1576118222993,249.53070453648988,-9.37309271419059,9.37309271419059,1,Surat Municipal Corporation
Houses_completed,161225.0,647.0,240.1576118222993,230.80519704712088,9.352414775178403,9.352414775178403,1,Surat Municipal Corporation
Central_assistance_released,3599.23,10.85,240.1576118222993,248.55078359247383,-8.393171770174547,8.393171770174547,1,Surat Municipal Corporation
Investment,19765.68,41.66,240.1576118222993,248.16646541208394,-8.00885358978465,8.00885358978465,1,Surat Municipal Corporation
Houses_grounded,161968.0,739.0,240.1576118222993,238.91493997998214,1.2426718423171508,1.2426718423171508,1,Surat Municipal Corporation
Houses_sanctioned,163486.0,849.0,240.1576118222993,241.11781081475658,-0.9601989924572933,0.9601989924572933,1,Surat Municipal Corporation
Central_assistance_sanctioned,3375.63,13.48,236.60677819187504,246.44578246049687,-9.839004268621835,9.839004268621835,2,Pune Municipal Corporation
Central_assistance_released,3072.19,10.85,236.60677819187504,245.69888559125582,-9.09210739938078,9.09210739938078,2,Pune Municipal Corporation
Houses_completed,148161.0,647.0,236.60677819187504,229.11654459394114,7.490233597933894,7.490233597933894,2,Pune Municipal Corporation
Investment,26124.59,41.66,236.60677819187504,242.17449251051016,-5.567714318635126,5.567714318635126,2,Pune Municipal Corporation
Houses_sanctioned,155747.0,849.0,236.60677819187504,238.32509882207137,-1.718320630196331,1.718320630196331,2,Pune Municipal Corporation
Houses_grounded,150077.0,739.0,236.60677819187504,236.6912400728991,-0.08446188102405472,0.08446188102405472,2,Pune Municipal Corporation
Central_assistance_sanctioned,2593.68,13.48,225.77141911684353,237.28112782009435,-11.509708703250823,11.509708703250823,3,Hyderabad Municipal Corporation
Central_assistance_released,2075.28,10.85,225.77141911684353,236.68848980481377,-10.917070687970238,10.917070687970238,3,Hyderabad Municipal Corporation
Investment,18800.31,41.66,225.77141911684353,234.0020728278548,-8.230653711011257,8.230653711011257,3,Hyderabad Municipal Corporation
Houses_completed,131236.0,647.0,225.77141911684353,219.9765007574406,5.794918359402942,5.794918359402942,3,Hyderabad Municipal Corporation
Houses_sanctioned,150782.0,849.0,225.77141911684353,227.15060380205708,-1.379184685213545,1.379184685213545,3,Hyderabad Municipal Corporation
Houses_grounded,143207.0,739.0,225.77141911684353,225.64952416184516,0.12189495499836767,0.12189495499836767,3,Hyderabad Municipal Corporation
Investment,8799.7,41.66,216.630457686499,231.00952205628118,-14.379064369782185,14.379064369782185,4,Visakhapattnam Municipal Corporation
Central_assistance_sanctioned,2649.17,13.48,216.630457686499,228.16692677596168,-11.536469089462685,11.536469089462685,4,Visakhapattnam Municipal Corporation
Central_assistance_released,2104.86,10.85,216.630457686499,227.6731010875001,-11.0426434010011,11.0426434010011,4,Visakhapattnam Municipal Corporation
Houses_grounded,162171.0,739.0,216.630457686499,211.7435973867573,4.8868602997416986,4.8868602997416986,4,Visakhapattnam Municipal Corporation
Houses_completed,91344.0,647.0,216.630457686499,219.62526034046527,-2.994802653966275,2.994802653966275,4,Visakhapattnam Municipal Corporation
Houses_sanctioned,168961.0,849.0,216.630457686499,213.7368975128595,2.893560173639486,2.893560173639486,4,Visakhapattnam Municipal Corporation
Central_assistance_sanctioned,2454.33,13.48,211.26249744601745,223.4143693465011,-12.151871900483656,12.151871900483656,5,Bengaluru Municipal Corporation
Central_assistance_released,2127.72,10.85,211.26249744601745,222.40481804648073,-11.142320600463279,11.142320600463279,5,Bengaluru Municipal Corporation
Investment,20837.81,41.66,211.26249744601745,218.15732232429596,-6.894824878278513,6.894824878278513,5,Bengaluru Municipal Corporation
Houses_completed,88666.0,647.0,211.26249744601745,214.5148323112028,-3.252334865185361,3.252334865185361,5,Bengaluru Municipal Corporation
Houses_sanctioned,136578.0,849.0,211.26249744601745,213.68537220259904,-2.4228747565815922,2.4228747565815922,5,Bengaluru Municipal Corporation
Houses_grounded,124019.0,739.0,211.26249744601745,213.00408676326032,-1.7415893172428696,1.7415893172428696,5,Bengaluru Municipal Corporation
Central_assistance_released,374.56,10.85,210.02860966846183,226.52730601095945,-16.498696342497624,16.498696342497624,6,Greater Mumbai Municipal Corporation
Investment,7324.68,41.66,210.02860966846183,225.47447419267138,-15.445864524209554,15.445864524209554,6,Greater Mumbai Municipal Corporation
Central_assistance_sanctioned,1634.56,13.48,210.02860966846183,224.12519353553205,-14.096583867070223,14.096583867070223,6,Greater Mumbai Municipal Corporation
Houses_completed,137793.0,647.0,210.02860966846183,198.4260895441217,11.602520124340117,11.602520124340117,6,Greater Mumbai Municipal Corporation
Houses_grounded,141515.0,739.0,210.02860966846183,207.1207688696268,2.907840798835025,2.907840798835025,6,Greater Mumbai Municipal Corporation
Houses_sanctioned,141515.0,849.0,210.02860966846183,210.44868654759256,-0.42007687913073255,0.42007687913073255,6,Greater Mumbai Municipal Corporation
Central_assistance_sanctioned,1735.12,13.48,185.56093350211236,200.34816635028457,-14.78723284817221,14.78723284817221,7,Chennai Municipal Corporation
Central_assistance_released,1466.82,10.85,185.56093350211236,198.9093663357101,-13.348432833597741,13.348432833597741,7,Chennai Municipal Corporation
Investment,13411.39,41.66,185.56093350211236,196.29284122590118,-10.731907723788822,10.731907723788822,7,Chennai Municipal Corporation
Houses_sanctioned,97779.0,849.0,185.56093350211236,194.21571611127885,-8.654782609166489,8.654782609166489,7,Chennai Municipal Corporation
Houses_grounded,96138.0,739.0,185.56093350211236,190.97403815837018,-5.413104656257815,5.413104656257815,7,Chennai Municipal Corporation
Houses_completed,76843.0,647.0,185.56093350211236,189.85855463294052,-4.297621130828162,4.297621130828162,7,Chennai Municipal Corporation
Investment,4221.74,41.66,171.78812695985764,192.77437093243446,-20.98624397257683,20.98624397257683,8,Andhra Pradesh Capital Region Development
Central_assistance_sanctioned,1669.97,13.48,171.78812695985764,186.86060401084472,-15.07247705098709,15.07247705098709,8,Andhra Pradesh Capital Region Development
Houses_completed,49578.0,647.0,171.78812695985764,185.68033482757258,-13.892207867714944,13.892207867714944,8,Andhra Pradesh Capital Region Development
Central_assistance_released,1521.55,10.85,171.78812695985764,184.9561336197841,-13.168006659926476,13.168006659926476,8,Andhra Pradesh Capital Region Development
Houses_sanctioned,111154.0,849.0,171.78812695985764,175.3299862390862,-3.541859279228561,3.541859279228561,8,Andhra Pradesh Capital Region Development
Houses_grounded,110196.0,739.0,171.78812695985764,171.25491282839783,0.5332141314598005,0.5332141314598005,8,Andhra Pradesh Capital Region Development
Central_assistance_sanctioned,1676.7,13.48,170.3462319382378,185.55142215440523,-15.205190216167438,15.205190216167438,9,Rajkot Municipal Corporation
Investment,9409.46,41.66,170.3462319382378,184.52467459683803,-14.178442658600233,14.178442658600233,9,Rajkot Municipal Corporation
Houses_sanctioned,75976.0,849.0,170.3462319382378,184.00911995463332,-13.662888016395527,13.662888016395527,9,Rajkot Municipal Corporation
Central_assistance_released,1597.06,10.85,170.3462319382378,183.40152770375215,-13.055295765514359,13.055295765514359,9,Rajkot Municipal Corporation
Houses_grounded,75800.0,739.0,170.3462319382378,180.2279152965557,-9.8816833583179,9.8816833583179,9,Rajkot Municipal Corporation
Houses_completed,74573.0,647.0,170.3462319382378,173.67381061221747,-3.327578673979673,3.327578673979673,9,Rajkot Municipal Corporation
